,category_retrieval,form_retrieval,geographic_clustering,lcc_classification,lcc_clustering,lcc_retrieval,lcgft_category_classification,lcgft_clustering,register_classification,register_clustering,same_audience_pairs,same_form_pairs,same_lcc_pairs,same_register_pairs,same_topic_pairs,topic_overlap_pairs
bert,0.4900536821678221,0.12064816439780039,0.019970136531627963,0.783170221207049,0.07683212452091286,0.48205891219529956,0.7060345739727146,0.17218083476832377,0.5998117288000684,0.0904917839294102,0.6666666666666666,0.6666666666666666,0.6666666666666666,0.6666666666666666,0.6666666666666666,0.7389885807504079
bge_base,0.4385564121018926,0.11348856799254545,0.003749171941006316,0.8495035784742193,0.4510939010834269,0.6047400762220771,0.7436797000828589,0.09746876398585672,0.5424813395918668,0.029979108021145583,0.6666666666666666,0.675,0.7267857142857143,0.6666666666666666,0.72,0.7832805071315373
bge_large,0.4530915168525953,0.11290371166549289,0.003897176505172734,0.8642627756553493,0.5307361343260408,0.6527991893260345,0.76249243006922,0.07429947307288054,0.5685914450986753,0.008519580045192328,0.6666666666666666,0.676950354609929,0.7315126050420168,0.6666666666666666,0.7224137931034482,0.7925743512028793
bge_small,0.4503950402555466,0.11394200926453368,0.004884682470811816,0.8389243001111168,0.4967869381880638,0.6071953747612232,0.734194179244127,0.09155562504619566,0.4877241131445992,0.019253627003450437,0.6666666666666666,0.6711805555555556,0.7299145299145299,0.6666666666666666,0.71875,0.7916006339144216
bm25,0.2843133902574539,0.07162992206887132,,,,0.49337267697245,,,,,0.6666666666666666,0.6666666666666666,0.6666666666666666,0.6666666666666666,0.6667785234899329,0.7397800032835331
distilbert_base_uncased,0.47335720310592755,0.11388201281578363,0.018572835324184852,0.7718750493194226,0.06946916727164841,0.47916184490359853,0.688632032696935,0.17533702307404442,0.5782210021357825,0.09489479037723103,0.6666666666666666,0.6681506849315069,0.6666666666666666,0.6666666666666666,0.6666666666666666,0.7389885807504079
e5_base,0.49643538293724976,0.13881858824291676,0.003316475804986857,0.84435162725052,0.3903968619168397,0.5668864276642269,0.7661866741392946,0.09677025157765516,0.576213512206756,0.02559767569860798,0.6666666666666666,0.6720689655172414,0.6996212121212121,0.6666666666666666,0.6896428571428571,0.7617492288150971
e5_large,0.4881239807189349,0.1259535992528607,0.003631787716245582,0.8518780547029616,0.38973068780799197,0.5878983730153599,0.7748775495303172,0.1307343296277508,0.5860621385126157,0.01927862057041066,0.6666666666666666,0.6692857142857143,0.6958646616541353,0.6667785234899329,0.6857692307692308,0.7620401634974231
e5_small,0.4344208331303403,0.11192785962165094,0.005058864932384898,0.827239434420702,0.3648449536787666,0.5341505551131286,0.7400385894932543,0.09005313554265651,0.5119081118466966,0.015513772845342711,0.6666666666666666,0.668918918918919,0.683695652173913,0.6672297297297297,0.6833333333333333,0.7603247440875397
gte_base,0.43180768628059607,0.11254018022495602,0.0054546849261446,0.842713753981311,0.5639300340455159,0.6169489556440861,0.7303639903230703,0.07141564123024693,0.504783489929249,0.011574027888867452,0.6666666666666666,0.6744274809160306,0.7666666666666667,0.6666666666666666,0.7402654867256637,0.8069748580697486
gte_small,0.43601720402212113,0.11525588889137982,0.003906287633412512,0.8401695009258878,0.5271110598682525,0.606215289039948,0.7237918669587743,0.08450092094045279,0.4659940094932557,0.008213591164948202,0.6666666666666666,0.6830827067669173,0.7584070796460177,0.6666666666666666,0.7396551724137931,0.8014950166112956
gtr_t5_base,0.3148102561214113,0.07681388901221324,0.024778262393738384,0.813563731816937,0.4671314946385588,0.5734395364394189,0.6580298065961122,0.05867262724640906,0.46343430111755374,0.003760836337498825,0.6666666666666666,0.6666666666666666,0.6957627118644067,0.6666666666666666,0.704296875,0.7714550509731233
gtr_t5_large,0.3539494802602296,0.08512698449095808,0.019079242479565297,0.8349612318934874,0.4936656081748035,0.5908047109182116,0.7036250926767152,0.06949588367302575,0.4933664724332227,0.004524117294840878,0.6666666666666666,0.6666666666666666,0.6877118644067797,0.6666666666666666,0.7019083969465649,0.7664601084430674
instructor_base,0.43762028634660205,0.10951111667478339,0.004904849092142912,0.8256423053521471,0.44602328866946184,0.5792262975738528,0.736615309394388,0.07174860455434683,0.5110554533688476,0.006704569727082499,0.6666666666666666,0.668581081081081,0.7177685950413223,0.6666666666666666,0.7103305785123967,0.7780790085205267
kl3m_pico,0.402061262911321,0.09476259225702273,0.01762147404732949,0.5613811048312509,0.03003413081722684,0.2600401222814152,0.5613333332047856,0.14860941985283033,0.5001404201788527,0.07799818176738396,0.6666666666666666,0.6666666666666666,0.6666666666666666,0.6666666666666666,0.6666666666666666,0.7389885807504079
minilm,0.3104115144693631,0.06950444870573862,0.00548948746156045,0.803226490097777,0.5380416227375556,0.5990814717835911,0.6464734615444698,0.036195781108212054,0.4537556141028411,0.004085397165750886,0.6666666666666666,0.6670138888888889,0.7486725663716814,0.6666666666666666,0.7401709401709402,0.8072434607645875
mpnet,0.29225386115551477,0.06207755673749069,0.003709655174588211,0.8482104585031937,0.5693844599171988,0.6738000290816337,0.6849831209304315,0.03115416560033351,0.4604806165279409,0.002000962947716151,0.6677852348993288,0.6674496644295302,0.7743362831858407,0.6666666666666666,0.7700892857142857,0.8256693235234007
ogbert_110m_base,0.4517226486006192,0.11023025388606834,0.020176286245965232,0.7460288410584096,0.10399911198391884,0.49892560164718164,0.6232378569912242,0.1489207529373469,0.5249463176215223,0.09463633869653812,0.6666666666666666,0.6666666666666666,0.6666666666666666,0.6666666666666666,0.6666666666666666,0.7389885807504079
ogbert_110m_sentence,0.4517226486006192,0.11023025388606834,0.020176286245965232,0.7460288410584096,0.10399911198391884,0.49892560164718164,0.6232378569912242,0.14872654300483887,0.5232388773925054,0.09463633869653812,0.6666666666666666,0.6666666666666666,0.6666666666666666,0.6666666666666666,0.6666666666666666,0.7389885807504079
ogbert_2m_sentence,0.3408527837566349,0.0728251325996575,0.018876389653947015,0.5465447546584585,0.10645477008017165,0.3213975045693542,0.4792508528349263,0.11061307418432353,0.39963232427696205,0.07585018101683189,0.6666666666666666,0.6666666666666666,0.6666666666666666,0.6666666666666666,0.6666666666666666,0.7389885807504079
ogbert_v1_mlm,0.42197956004058823,0.09879156436267747,0.020354951767581557,0.6930415722026625,0.08347777887270495,0.42862026731551406,0.567886069813172,0.14742278300165493,0.4834222559267578,0.09050389052288253,0.6666666666666666,0.6666666666666666,0.6666666666666666,0.6666666666666666,0.6666666666666666,0.7389885807504079
roberta,0.49404085403210024,0.126596314072613,0.0032236761188805564,0.6416118791853668,0.012277812483373111,0.3185644431483729,0.5963514920723805,0.11105616779154784,0.5005271685975956,0.05901222912038871,0.6666666666666666,0.6666666666666666,0.6666666666666666,0.6666666666666666,0.6666666666666666,0.7389885807504079
tf,,,0.017686718238428052,0.8264262580877959,0.04982664351665857,,0.6658595662804601,0.09174649197840094,0.5500742625308503,0.07082385075109318,0.6666666666666666,0.6677852348993288,0.6666666666666666,0.6666666666666666,0.6666666666666666,0.7389885807504079
tfidf,0.4358668468616482,0.10053400104117431,0.014650469628101643,0.8781146397070739,0.3779867125906307,0.6239684558935902,0.7547230151264088,0.12094805833416553,0.6716212119236669,0.06369383271167792,0.6666666666666666,0.6685314685314685,0.6877118644067797,0.6666666666666666,0.7063559322033899,0.7785467128027682
